City_ID,City,Country,Lat,Lng,Max Temp,Humidity,Cloudiness,Wind Speed,Current Description
0,Ransang,PH,8.9603,117.5828,77.72,77,100,3.53,overcast clouds
1,Mar Del Plata,AR,-38.0023,-57.5575,72.95,87,75,14.0,moderate rain
2,Suntar,RU,62.1444,117.6319,-4.61,96,100,5.32,overcast clouds
3,Chuy,UY,-33.6971,-53.4616,70.56,87,100,15.43,light rain
4,Mehamn,NO,71.0357,27.8492,24.71,93,75,3.44,light snow
5,Sal Rei,CV,16.1833,-22.9167,71.8,64,75,19.57,broken clouds
6,Airai,TL,-8.9266,125.4092,61.21,96,100,2.95,overcast clouds
7,Hilo,US,19.7297,-155.09,83.28,75,0,5.75,clear sky
8,Busselton,AU,-33.65,115.3333,61.86,80,0,15.79,clear sky
9,Tuatapere,NZ,-46.1333,167.6833,63.66,97,87,3.2,overcast clouds
10,Hobart,AU,-42.8794,147.3294,47.05,93,48,10.36,scattered clouds
11,Knysna,ZA,-34.0363,23.0471,67.69,82,78,3.31,broken clouds
12,San Quintin,MX,30.4833,-115.95,63.0,40,12,3.4,few clouds
13,Civitavecchia,IT,42.0933,11.7967,51.39,82,0,4.52,clear sky
14,Mahebourg,MU,-20.4081,57.7,79.25,83,40,2.3,light rain
15,Kirakira,SB,-10.4544,161.9205,78.82,84,73,3.91,broken clouds
16,Fortuna,US,40.5982,-124.1573,58.93,30,0,21.85,clear sky
17,Kenitra,MA,34.261,-6.5802,50.76,66,0,7.87,clear sky
18,Oistins,BB,13.0667,-59.5333,84.29,58,40,20.71,scattered clouds
19,Norman Wells,CA,65.282,-126.8329,-36.36,67,20,2.3,few clouds
20,Campo Maior,BR,-4.8278,-42.1686,84.96,64,100,2.77,overcast clouds
21,Smithers,CA,54.7804,-127.1743,26.92,86,100,5.75,light snow
22,Vaini,TO,-21.2,-175.2,78.96,89,75,12.66,light rain
23,Saskylakh,RU,71.9167,114.0833,-13.58,99,100,3.11,overcast clouds
24,Nantucket,US,41.2835,-70.0995,35.71,54,0,13.8,clear sky
25,Port Alfred,ZA,-33.5906,26.891,70.18,92,0,1.01,clear sky
26,Rikitea,PF,-23.1203,-134.9692,79.14,72,57,15.39,broken clouds
27,Tiksi,RU,71.6872,128.8694,-25.8,98,92,8.05,overcast clouds
28,San Carlos,VE,9.6612,-68.5827,94.96,24,0,5.01,clear sky
29,Horki,BY,54.2861,30.9842,30.76,98,100,7.49,light snow
30,Tukums,LV,56.9669,23.1553,33.15,78,80,10.74,broken clouds
31,Kushima,JP,31.4583,131.2333,49.42,77,100,3.83,overcast clouds
32,Muros,ES,42.7762,-9.0603,49.08,83,0,3.62,clear sky
33,Deputatskiy,RU,69.3,139.9,-20.06,98,99,2.93,overcast clouds
34,Provideniya,RU,64.3833,-173.3,9.37,94,47,12.35,scattered clouds
35,Tuktoyaktuk,CA,69.4541,-133.0374,-32.8,68,40,6.91,scattered clouds
36,Hermanus,ZA,-34.4187,19.2345,64.8,76,18,5.03,few clouds
37,Olavarria,AR,-36.8927,-60.3225,79.23,49,18,7.7,few clouds
38,Jacksonville,US,30.3322,-81.6556,83.08,58,40,13.8,scattered clouds
39,Tasiilaq,GL,65.6145,-37.6368,26.76,71,100,17.56,overcast clouds
40,Manzhouli,CN,49.6,117.4333,-0.83,92,100,5.64,overcast clouds
41,Dalian,CN,38.9122,121.6022,25.84,43,0,2.24,clear sky
42,Itarema,BR,-2.9248,-39.9167,83.73,66,100,13.6,overcast clouds
43,Gizo,SB,-8.103,156.8419,81.21,78,100,7.05,light rain
44,Doha,QA,25.2867,51.5333,69.78,76,0,9.22,clear sky
45,Avera,US,33.194,-82.5271,51.39,80,100,3.96,overcast clouds
46,Esperance,AU,-33.8667,121.9,60.37,75,27,10.36,scattered clouds
47,Liverpool,GB,53.4106,-2.9779,52.29,79,75,13.8,broken clouds
48,Severo-Kurilsk,RU,50.6789,156.125,28.85,96,100,44.38,snow
49,Nikolskoye,RU,59.7035,30.7861,30.09,98,100,1.59,light snow
50,Ambulu,ID,-8.345,113.6058,75.09,91,100,2.28,overcast clouds
51,Castro,BR,-24.7911,-50.0119,72.61,87,100,8.84,light rain
52,Namibe,AO,-15.1961,12.1522,73.13,77,82,6.76,broken clouds
53,Ushuaia,AR,-54.8,-68.3,69.46,40,40,13.8,scattered clouds
54,Atuona,PF,-9.8,-139.0333,78.66,79,90,23.02,overcast clouds
55,Kapaa,US,22.0752,-159.319,76.98,94,75,6.91,light rain
56,Newport,GB,51.5877,-2.9984,51.76,91,100,15.39,overcast clouds
57,Georgetown,MY,5.4112,100.3354,78.73,100,20,3.44,few clouds
58,Yellowknife,CA,62.456,-114.3525,-23.28,76,20,10.36,few clouds
59,Saint-Pierre,RE,-21.3393,55.4781,78.48,83,56,11.5,broken clouds
60,Barrow,US,71.2906,-156.7887,-5.78,84,100,14.97,mist
61,Gat,IL,31.61,34.7642,54.28,100,98,7.11,overcast clouds
62,Albany,US,42.6001,-73.9662,37.67,42,7,1.99,clear sky
63,Katsuura,JP,35.1333,140.3,43.77,56,100,13.35,overcast clouds
64,Jamestown,US,42.097,-79.2353,34.72,43,0,19.57,clear sky
65,Bayanday,RU,53.0661,105.5139,-12.24,100,95,1.54,overcast clouds
66,Kahului,US,20.8947,-156.47,79.84,73,20,4.0,few clouds
67,Avarua,CK,-21.2078,-159.775,80.65,89,20,12.66,light rain
68,Los Llanos De Aridane,ES,28.6585,-17.9182,60.55,68,40,6.91,scattered clouds
69,Zyryanka,RU,65.75,150.85,-28.19,100,98,3.4,overcast clouds
70,Mataura,NZ,-46.1927,168.8643,62.56,91,16,0.78,few clouds
71,Punta Arenas,CL,-53.15,-70.9167,68.11,37,0,27.63,clear sky
72,Longyearbyen,SJ,78.2186,15.6401,6.64,72,20,18.41,few clouds
73,Lavrentiya,RU,65.5833,-171.0,1.62,92,14,9.01,few clouds
74,Hithadhoo,MV,-0.6,73.0833,82.53,64,86,14.76,overcast clouds
75,Bluff,NZ,-46.6,168.3333,62.1,97,100,5.28,overcast clouds
76,Padang,ID,-0.9492,100.3543,77.05,83,100,4.12,overcast clouds
77,Kuryk,KZ,43.2,51.65,44.2,71,100,9.75,overcast clouds
78,New Norfolk,AU,-42.7826,147.0587,46.71,76,15,2.77,few clouds
79,Boende,CD,-0.2167,20.8667,77.76,67,97,2.06,overcast clouds
80,Qaanaaq,GL,77.484,-69.3632,-2.15,57,0,9.42,clear sky
81,Cherskiy,RU,68.75,161.3,-11.42,100,100,3.96,overcast clouds
82,Henderson,US,36.0397,-114.9819,58.24,32,0,4.61,clear sky
83,Arcata,US,40.8665,-124.0828,59.2,52,100,4.81,overcast clouds
84,Lebu,CL,-37.6167,-73.65,63.61,66,0,22.97,clear sky
85,Lapua,FI,62.9693,23.0088,27.1,95,99,6.17,overcast clouds
86,Nenjiang,CN,49.1833,125.2167,-20.02,96,63,1.41,broken clouds
87,Khatanga,RU,71.9667,102.5,-29.6,100,80,1.59,broken clouds
88,Jhawarian,PK,32.3614,72.6228,56.79,35,6,4.29,clear sky
89,Corinto,GR,37.9407,22.9573,46.89,72,1,8.01,clear sky
90,Gossaigaon,IN,26.4481,89.989,59.27,56,0,2.13,clear sky
91,Victoria,HK,22.2855,114.1577,64.45,84,79,15.01,broken clouds
92,Lagoa,PT,39.05,-27.9833,57.79,80,9,22.79,clear sky
93,Kinablangan,PH,7.6947,126.5503,76.73,85,59,5.66,broken clouds
94,Wageningen,NL,51.9667,5.6667,47.95,94,75,11.5,broken clouds
95,Carnarvon,AU,-24.8667,113.6333,82.35,65,55,12.35,broken clouds
96,Batemans Bay,AU,-35.7167,150.1833,60.04,64,1,5.61,clear sky
97,Savannah Bight,HN,16.45,-85.85,78.76,75,5,13.47,clear sky
98,Peleduy,RU,59.6289,112.7406,6.93,95,100,10.96,light snow
99,Hofn,IS,64.2539,-15.2082,39.07,90,100,17.27,light rain
100,Lagos,NG,6.5833,3.75,84.52,76,9,7.02,clear sky
101,Puerto Baquerizo Moreno,EC,-0.9,-89.6,83.39,79,75,2.3,broken clouds
102,Oranjemund,NA,-28.55,16.4333,62.64,86,0,17.49,clear sky
103,Caravelas,BR,-17.7125,-39.2481,83.75,57,0,10.09,clear sky
104,Brae,GB,60.3964,-1.353,48.56,92,100,27.85,light rain
105,Koumac,NC,-20.5667,164.2833,77.38,76,99,4.38,overcast clouds
106,Evensk,RU,61.95,159.2333,-6.29,85,26,7.81,scattered clouds
107,Fort Nelson,CA,58.8053,-122.7002,-10.05,75,75,1.99,broken clouds
108,Cape Town,ZA,-33.9258,18.4232,68.09,65,0,17.27,clear sky
109,Bilibino,RU,68.0546,166.4372,1.6,95,100,1.97,overcast clouds
110,Cabo San Lucas,MX,22.8909,-109.9124,73.62,59,0,4.0,clear sky
111,Dikson,RU,73.5069,80.5464,3.6,93,100,7.38,overcast clouds
112,Souillac,MU,-20.5167,57.5167,79.18,83,40,2.3,light rain
113,Caracoli,CO,6.4119,-74.7606,87.94,41,42,4.38,scattered clouds
114,Port Lincoln,AU,-34.7333,135.8667,58.91,55,100,21.77,overcast clouds
115,Ponta Do Sol,PT,32.6667,-17.1,62.01,44,39,9.15,scattered clouds
116,Santa Marta,CO,11.2408,-74.199,93.25,50,20,12.66,few clouds
117,Bathsheba,BB,13.2167,-59.5167,83.01,65,40,19.57,scattered clouds
118,Valley City,US,46.9233,-98.0032,-8.88,64,0,21.85,clear sky
119,Port Blair,IN,11.6667,92.75,78.84,78,40,2.3,mist
120,Ginir,ET,7.1333,40.7,63.12,31,96,4.74,overcast clouds
121,Itaituba,BR,-4.2761,-55.9836,87.96,62,75,5.75,broken clouds
122,Quibdo,CO,5.6947,-76.6611,84.54,74,75,5.75,broken clouds
123,Ewa Beach,US,21.3156,-158.0072,78.01,73,0,4.61,clear sky
124,Ancud,CL,-41.8697,-73.8203,64.58,67,2,7.45,clear sky
125,Mount Pleasant,US,32.7941,-79.8626,57.0,96,100,5.99,mist
126,Thompson,CA,55.7435,-97.8558,-23.64,62,0,10.36,clear sky
127,Luderitz,NA,-26.6481,15.1594,68.81,57,7,23.55,clear sky
128,Mezen,RU,65.8522,44.24,16.61,96,92,5.82,overcast clouds
129,Puerto Ayora,EC,-0.7393,-90.3518,85.96,88,100,8.01,light rain
130,Poya,NC,-21.35,165.15,75.7,81,96,5.84,overcast clouds
131,Abeche,TD,13.8292,20.8324,78.69,16,24,9.62,few clouds
132,Sayaxche,GT,16.5167,-90.1667,86.36,44,10,2.62,clear sky
133,Byron Bay,AU,-28.65,153.6167,71.94,93,16,3.31,few clouds
134,Torbay,CA,47.6666,-52.7314,20.57,66,40,17.27,scattered clouds
135,Codrington,AU,-38.2667,141.9667,50.31,86,100,24.63,light rain
136,Harnosand,SE,62.6323,17.9379,10.4,85,10,6.6,clear sky
137,Half Moon Bay,US,37.4636,-122.4286,54.88,64,0,5.75,clear sky
138,Pangnirtung,CA,66.1451,-65.7125,-18.4,69,100,2.3,light snow
139,Bandarbeyla,SO,9.4942,50.8122,75.52,66,0,15.9,clear sky
140,Umm Kaddadah,SD,13.6017,26.6876,65.68,22,25,14.79,scattered clouds
141,Plettenberg Bay,ZA,-34.0527,23.3716,66.6,83,58,2.62,broken clouds
142,Cidreira,BR,-30.1811,-50.2056,80.08,73,100,12.73,overcast clouds
143,Moree,AU,-29.4667,149.85,73.8,60,0,2.66,clear sky
144,Butaritari,KI,3.0707,172.7902,80.49,78,100,18.41,light rain
145,Dengzhou,CN,37.8086,120.7508,29.16,48,85,2.68,overcast clouds
146,Bethel,US,41.3712,-73.414,39.54,41,0,11.5,clear sky
147,Bambanglipuro,ID,-7.95,110.2833,74.5,94,100,4.45,light rain
148,Alofi,NU,-19.0595,-169.9187,73.29,94,100,3.44,light intensity drizzle
149,Khandwa,IN,21.8333,76.3333,62.92,19,98,5.39,overcast clouds
150,Matamoros,MX,25.5333,-103.25,64.51,44,75,19.57,dust
151,Saint-Augustin,CA,51.226,-58.6502,3.43,80,100,2.98,overcast clouds
152,Pevek,RU,69.7008,170.3133,-12.57,100,87,2.17,overcast clouds
153,Biltine,TD,14.5333,20.9167,79.11,14,11,16.64,few clouds
154,Sovetskaya Gavan,RU,48.9723,140.2878,-10.26,91,11,5.1,few clouds
155,Ugoofaaru,MV,5.6667,73.0,79.97,73,100,8.75,overcast clouds
156,Labuhan,ID,-6.8844,112.2051,75.65,90,100,5.95,light rain
157,Clarence Town,AU,-32.5833,151.7833,72.95,49,0,5.26,clear sky
158,Itanhem,BR,-17.1664,-40.33,87.78,47,9,6.17,clear sky
159,Saint-Philippe,RE,-21.3585,55.7679,78.39,87,83,15.01,light rain
160,Kavieng,PG,-2.5744,150.7967,81.66,75,100,5.84,light rain
161,Kodiak,US,57.79,-152.4072,24.31,86,40,4.61,scattered clouds
162,Quchan,IR,37.106,58.5095,37.53,69,1,5.97,clear sky
163,Bambous Virieux,MU,-20.3428,57.7575,79.21,83,40,2.3,light rain
164,North Bend,US,43.4065,-124.2243,48.07,87,0,9.22,clear sky
165,Hong Gai,VN,20.956,107.0946,69.71,94,100,6.6,overcast clouds
166,Cockburn Town,TC,21.4612,-71.1419,76.84,69,38,17.09,scattered clouds
167,Ust-Karsk,RU,52.7011,118.8077,-24.38,100,68,1.95,broken clouds
168,Fairbanks,US,64.8378,-147.7164,10.6,87,100,0.0,light snow
169,Borjomi,GE,41.8527,43.4128,29.62,96,100,3.27,light snow
170,College,US,64.8569,-147.8028,10.58,83,100,0.0,mist
171,Weimar,DE,50.9833,11.3167,38.59,87,100,1.01,light rain
172,Jumla,NP,29.2747,82.1838,38.84,30,3,4.83,clear sky
173,Killybegs,IE,54.6333,-8.45,49.71,86,100,24.65,overcast clouds
174,Lata,PT,40.1629,-8.3327,54.81,74,0,2.73,clear sky
175,Klaksvik,FO,62.2266,-6.589,41.92,96,100,25.81,light rain
176,Westport,US,41.1415,-73.3579,40.62,43,0,11.01,clear sky
177,Phalaborwa,ZA,-23.943,31.1411,78.08,48,64,5.35,broken clouds
178,Pisco,PE,-13.7,-76.2167,82.45,61,0,21.85,clear sky
179,Yulara,AU,-25.2406,130.9889,67.77,40,0,7.96,clear sky
180,Kloulklubed,PW,7.0419,134.2556,79.3,74,100,20.38,overcast clouds
181,Mbanza-Ngungu,CD,-5.25,14.8667,73.78,78,100,2.15,overcast clouds
182,Sosua,DO,19.7667,-70.5167,85.98,74,40,17.27,scattered clouds
183,Lorengau,PG,-2.0226,147.2712,79.63,79,86,1.19,overcast clouds
184,Khani,GE,41.9563,42.9566,29.77,96,100,2.37,overcast clouds
185,Mayo,US,38.8876,-76.5119,43.09,53,0,11.5,clear sky
186,Tabou,CI,4.423,-7.3528,80.64,81,5,7.76,clear sky
187,Qandala,SO,11.472,49.8728,73.72,71,4,2.82,clear sky
188,Bengkulu,ID,-3.8004,102.2655,75.94,88,100,6.6,moderate rain
189,La Asuncion,VE,11.0333,-63.8628,79.32,65,0,13.47,clear sky
190,Aklavik,CA,68.2191,-135.0107,-32.8,68,20,8.05,few clouds
191,Chinhoyi,ZW,-17.3667,30.2,66.81,91,90,3.36,overcast clouds
192,Kralendijk,BQ,12.15,-68.2667,82.38,61,75,13.8,broken clouds
193,Arraial Do Cabo,BR,-22.9661,-42.0278,85.86,62,40,14.97,scattered clouds
194,Talnakh,RU,69.4865,88.3972,13.21,96,100,8.03,light snow
195,Port Elizabeth,ZA,-33.918,25.5701,72.1,87,75,10.36,broken clouds
196,Mogadishu,SO,2.0371,45.3438,76.37,82,32,19.15,scattered clouds
197,Mashhad,IR,36.297,59.6062,48.34,57,20,11.5,few clouds
198,Clyde River,CA,70.4692,-68.5914,-23.73,80,24,4.5,few clouds
199,Maracacume,BR,-2.0428,-45.9592,73.94,94,100,4.21,light rain
200,Riyadh,SA,24.6877,46.7219,59.14,53,0,9.15,clear sky
201,Upernavik,GL,72.7868,-56.1549,-7.47,85,96,4.27,overcast clouds
202,Iqaluit,CA,63.7506,-68.5145,-31.27,61,20,2.3,few clouds
203,Grand Gaube,MU,-20.0064,57.6608,79.38,81,0,1.01,light rain
204,Alugan,PH,12.2188,125.4808,78.75,85,15,14.5,few clouds
205,Praia Da Vitoria,PT,38.7333,-27.0667,59.76,85,32,13.4,scattered clouds
206,Tessalit,ML,20.1986,1.0114,68.92,11,50,12.53,scattered clouds
207,Greytown,ZA,-29.0642,30.5928,60.46,98,100,2.77,light rain
208,Santa Catarina De Tepehuanes,MX,25.35,-105.7333,66.34,26,21,10.74,few clouds
209,Aswan,EG,24.0934,32.907,58.24,32,0,10.07,clear sky
210,Qui Nhon,VN,13.7667,109.2333,74.75,90,34,8.08,scattered clouds
211,Puerto Madero,MX,14.7208,-92.4215,91.6,49,20,5.75,few clouds
212,Uspenka,UA,48.3903,39.1619,33.03,78,100,5.37,overcast clouds
213,Chara,RU,56.9064,118.2631,-13.79,77,83,2.57,broken clouds
214,Rocha,UY,-34.4833,-54.3333,67.73,93,100,8.59,moderate rain
215,Yar-Sale,RU,66.8333,70.8333,4.82,95,23,8.43,few clouds
216,Hambantota,LK,6.1241,81.1185,75.54,100,75,6.91,thunderstorm
217,Margate,GB,51.3813,1.3862,49.69,81,98,5.01,overcast clouds
218,La Playona,HN,15.1167,-88.9833,90.97,54,31,5.19,scattered clouds
219,Sayyan,YE,15.1718,44.3244,58.86,53,3,0.87,clear sky
220,Palembang,ID,-2.9167,104.7458,78.89,100,100,3.44,mist
221,Robertson,US,36.5167,-86.8667,35.58,67,100,5.1,overcast clouds
222,Bahia Honda,CU,22.9036,-83.1592,83.32,55,4,9.04,clear sky
223,Takaka,NZ,-40.85,172.8,69.57,90,100,0.6,light rain
224,San Felipe,VE,10.3399,-68.7425,84.2,47,26,10.51,scattered clouds
225,Coahuayana,MX,18.7333,-103.6833,92.5,23,24,6.85,few clouds
226,Kamiiso,JP,41.8167,140.65,17.96,94,96,4.9,light snow
227,Abrau-Dyurso,RU,44.69,37.59,29.66,75,39,1.68,scattered clouds
228,Ribeira Grande,PT,38.5167,-28.7,61.2,77,40,17.27,scattered clouds
229,Sulangan,PH,11.1373,123.7228,79.11,83,5,17.2,clear sky
230,Laguna,US,38.421,-121.4238,57.31,65,0,3.44,clear sky
231,Tiznit,MA,29.5833,-9.5,52.93,44,0,3.56,clear sky
232,Tarko-Sale,RU,64.9225,77.785,4.57,96,11,9.75,few clouds
233,Sao Filipe,CV,14.8961,-24.4956,71.74,72,9,12.93,clear sky
234,Plaster Rock,CA,46.9065,-67.39,22.59,90,100,10.54,light snow
235,Hebi,CN,35.8992,114.1925,28.33,51,0,5.19,clear sky
236,Roald,NO,62.5833,6.1333,36.75,69,0,14.97,clear sky
237,Te Anau,NZ,-45.4167,167.7167,63.01,97,69,2.26,broken clouds
238,Villaviciosa,ES,43.4813,-5.4357,49.15,79,0,6.85,clear sky
239,Acarau,BR,-2.8856,-40.12,83.82,67,100,14.32,overcast clouds
240,Beringovskiy,RU,63.05,179.3167,10.85,95,100,12.12,overcast clouds
241,Kodinsk,RU,58.6881,99.1844,8.6,96,100,4.68,overcast clouds
242,Faanui,PF,-16.4833,-151.75,81.37,76,7,18.92,clear sky
243,Isiro,CD,2.7739,27.616,73.33,50,63,2.48,broken clouds
244,Livani,LV,56.3543,26.1758,30.31,95,100,9.13,light snow
245,Mkushi,ZM,-13.6202,29.3939,64.98,95,100,3.96,light rain
246,Rundu,NA,-17.9333,19.7667,68.04,91,100,6.35,light rain
247,Novaya Bryan,RU,51.7159,108.2691,-4.29,99,72,4.61,broken clouds
248,Havelock,US,34.8791,-76.9013,42.8,89,100,8.05,overcast clouds
249,Touros,BR,-5.1989,-35.4608,84.07,66,21,16.96,few clouds
250,Taboga,IT,46.2663,13.1092,39.88,86,90,5.35,overcast clouds
251,Kununurra,AU,-15.7667,128.7333,76.98,94,100,0.0,overcast clouds
252,Cervo,ES,43.6702,-7.4101,50.97,81,12,14.97,few clouds
253,Dubti,ET,11.7361,41.0853,86.72,33,0,9.78,clear sky
254,Bredasdorp,ZA,-34.5322,20.0403,64.96,69,0,4.92,clear sky
255,Pacasmayo,PE,-7.4006,-79.5714,77.74,65,25,11.56,scattered clouds
256,Maniitsoq,GL,65.4167,-52.9,9.45,84,100,18.54,light snow
257,Shonguy,RU,68.7526,33.146,14.07,100,0,2.24,clear sky
258,Walvis Bay,NA,-22.9575,14.5053,65.35,77,0,3.44,clear sky
259,Ballina,AU,-28.8667,153.5667,71.78,99,23,3.44,few clouds
260,Lompoc,US,34.6391,-120.4579,66.69,48,75,21.0,broken clouds
261,Fare,PF,-16.7,-151.0167,81.1,76,0,19.48,clear sky
262,Shu,KZ,43.5983,73.7614,34.95,97,100,6.85,light snow
263,Kumluca,TR,36.3703,30.2869,49.1,45,5,4.88,clear sky
264,Isabela,PH,6.7085,121.9711,76.91,83,100,1.3,overcast clouds
265,Olafsvik,IS,64.8945,-23.7142,39.33,83,73,17.85,light rain
266,Calama,CL,-22.4667,-68.9333,73.89,40,20,28.77,few clouds
267,Yining,CN,29.0361,114.5636,39.15,85,100,2.06,overcast clouds
268,East London,ZA,-33.0153,27.9116,73.17,80,75,5.28,broken clouds
269,Constitucion,CL,-35.3333,-72.4167,74.14,47,7,18.77,clear sky
270,Formiga,BR,-20.4644,-45.4264,76.68,74,100,4.79,overcast clouds
271,Mount Isa,AU,-20.7333,139.5,74.97,73,100,8.05,overcast clouds
272,Banepa,NP,27.6298,85.5214,50.13,81,20,4.61,few clouds
273,Buraydah,SA,26.326,43.975,57.65,37,0,9.28,clear sky
274,Szczytno,PL,53.5626,20.9875,31.93,93,40,8.05,scattered clouds
275,Haines Junction,CA,60.7522,-137.5108,5.2,96,100,1.23,overcast clouds
276,Trairi,BR,-3.2778,-39.2689,84.13,66,56,10.45,broken clouds
277,Nha Trang,VN,12.25,109.1833,77.0,92,100,5.77,overcast clouds
278,Marrakesh,MA,31.6315,-8.0083,59.07,31,20,11.5,few clouds
279,Boa Vista,BR,2.8197,-60.6733,91.38,46,75,16.11,broken clouds
280,Abu Dhabi,AE,24.4667,54.3667,71.71,74,0,8.05,clear sky
281,Anadyr,RU,64.75,177.4833,10.08,91,100,5.17,overcast clouds
282,Lesozavodsk,RU,45.4794,133.4244,-13.43,100,46,5.88,scattered clouds
283,Dillon,US,34.4166,-79.3712,46.26,92,100,3.31,overcast clouds
284,Kozhva,RU,65.1073,57.0459,21.79,95,100,8.46,light snow
285,Mana,GF,5.6592,-53.7767,78.64,82,100,8.63,overcast clouds
286,Heze,CN,35.2431,115.4411,30.27,40,1,7.05,clear sky
287,Kaitangata,NZ,-46.2817,169.8464,64.0,80,81,5.46,broken clouds
288,Coffs Harbour,AU,-30.3,153.1333,75.16,83,6,12.66,clear sky
289,Okhotsk,RU,59.3833,143.3,-6.95,91,86,10.58,overcast clouds
290,Aksu,CN,41.1231,80.2644,17.87,86,100,5.01,overcast clouds
291,Leiyang,CN,26.4024,112.8591,40.46,77,100,4.25,overcast clouds
292,Sao Jose Da Coroa Grande,BR,-8.8978,-35.1478,82.36,68,52,10.8,broken clouds
293,Vestmannaeyjar,IS,63.4427,-20.2734,37.22,75,100,40.33,overcast clouds
294,Brainerd,US,46.358,-94.2008,1.06,46,0,14.97,clear sky
295,Ikungi,TZ,-5.1333,34.7667,61.0,97,100,3.58,heavy intensity rain
296,Sao Joao Da Barra,BR,-21.6403,-41.0511,87.89,81,100,15.5,overcast clouds
297,Solton,RU,52.8429,86.4787,-2.61,100,86,2.95,overcast clouds
298,Tanete,ID,-3.9443,119.7848,73.4,97,100,4.09,overcast clouds
299,Foix,FR,42.8333,1.5833,34.99,70,0,5.86,clear sky
300,Abashiri,JP,44.0213,144.2697,11.39,93,100,7.74,light snow
301,Kabanjahe,ID,3.1001,98.4908,63.12,95,97,2.8,light rain
302,Palmer,US,42.1584,-72.3287,38.62,36,20,16.11,few clouds
303,Lasa,IT,46.6166,10.7002,32.88,96,84,8.21,light snow
304,Saint George,US,37.1041,-113.5841,46.44,34,0,1.01,clear sky
305,Adrar,MR,20.5022,-10.0711,65.73,13,3,12.08,clear sky
306,Shingu,JP,33.7333,135.9833,35.96,69,77,5.55,broken clouds
307,Chaoyang,CN,41.5703,120.4586,19.51,35,100,2.17,overcast clouds
308,Wilmington,US,34.2257,-77.9447,40.91,90,100,5.01,mist
309,Korla,CN,41.7597,86.1469,23.23,69,11,4.59,few clouds
310,Jiangyou,CN,31.7667,104.7167,45.54,82,67,3.02,broken clouds
311,Collie,AU,-33.3667,116.15,58.77,85,0,10.87,clear sky
312,San Policarpo,PH,12.1791,125.5072,79.27,84,10,15.37,clear sky
313,Acapulco,MX,16.8634,-99.8901,85.82,54,0,9.22,clear sky
314,Kayerkan,RU,69.3497,87.7602,12.52,92,100,7.49,light snow
315,Mildura,AU,-34.2,142.15,54.07,78,55,15.84,broken clouds
316,Nuuk,GL,64.1835,-51.7216,9.21,72,75,12.66,broken clouds
317,Antofagasta,CL,-23.65,-70.4,76.28,74,12,9.57,few clouds
318,Huanren,CN,41.2647,125.3667,9.1,84,100,2.04,overcast clouds
319,Saldanha,ZA,-33.0117,17.9442,63.41,82,0,20.78,clear sky
320,Qena,EG,26.1615,32.7183,56.26,30,0,7.78,clear sky
321,Kumylzhenskaya,RU,49.8809,42.5898,32.99,97,100,3.78,overcast clouds
322,Port-Cartier,CA,50.0334,-66.8654,17.74,81,100,11.7,overcast clouds
323,Cumaral,CO,4.2708,-73.4867,91.65,27,15,6.67,few clouds
324,Biskamzha,RU,53.4497,89.5272,-0.02,94,5,3.87,clear sky
325,Samarai,PG,-10.6167,150.6667,81.27,80,98,6.6,moderate rain
326,Ramsey,US,45.0333,-93.0835,11.93,44,0,19.57,clear sky
327,Shemgang,BT,27.2169,90.6579,42.85,67,0,5.68,clear sky
328,Kamaishi,JP,39.2667,141.8833,26.62,63,40,7.47,scattered clouds
329,Yarada,IN,17.65,83.2667,74.39,70,6,6.64,clear sky
330,Lanigan,CA,51.8501,-105.0344,-18.98,90,89,3.38,overcast clouds
331,San Ramon,US,37.7799,-121.978,52.68,72,0,3.44,clear sky
332,Henties Bay,NA,-22.116,14.2845,64.67,86,58,7.0,broken clouds
333,Kulhudhuffushi,MV,6.6221,73.07,80.17,75,100,10.0,overcast clouds
334,Dubbo,AU,-32.25,148.6167,59.13,77,0,16.11,clear sky
335,Erenhot,CN,43.6475,111.9767,15.12,31,100,4.18,overcast clouds
336,Leningradskiy,RU,69.3833,178.4167,-15.03,100,100,6.91,overcast clouds
337,Kupang,ID,-10.1667,123.5833,77.11,93,100,12.35,light rain
338,Markova,UA,48.6758,24.4138,32.49,88,100,9.4,light snow
339,Senador Guiomard,BR,-10.1522,-67.7392,83.95,96,100,5.37,overcast clouds
340,Urusha,RU,54.05,122.9,-24.77,97,74,3.0,broken clouds
341,El Tigre,VE,8.8875,-64.2454,89.22,33,21,8.39,few clouds
342,Vao,NC,-22.6667,167.4833,79.65,80,69,9.89,broken clouds
343,Konya,TR,38.1667,32.5,26.08,69,4,6.78,clear sky
344,Vardo,NO,70.3705,31.1107,24.78,80,40,6.91,light snow
345,Bafq,IR,31.6128,55.4107,53.91,68,11,10.13,light rain
346,Geraldton,AU,-28.7667,114.6,79.21,38,0,5.75,clear sky
347,Taltal,CL,-25.4,-70.4833,73.44,71,25,7.27,scattered clouds
348,Kruisfontein,ZA,-34.0033,24.7314,69.89,88,5,4.74,clear sky
349,Ljungby,SE,56.8332,13.9408,23.41,75,100,2.53,overcast clouds
350,Aripuana,BR,-9.1667,-60.6333,84.49,75,43,1.57,light rain
351,Chokurdakh,RU,70.6333,147.9167,-16.33,100,97,5.03,overcast clouds
352,Bonthe,SL,7.5264,-12.505,80.4,78,89,9.4,overcast clouds
353,Samarinda,ID,-0.5,117.15,72.48,99,100,1.81,overcast clouds
354,Rio Grande,BR,-32.035,-52.0986,82.51,69,53,14.05,light rain
355,Pafos,CY,34.7667,32.4167,47.98,66,40,6.91,scattered clouds
356,Seydi,TM,39.4816,62.9137,40.41,82,5,0.74,clear sky
357,Rudbar,AF,30.15,62.6,63.93,50,97,7.52,overcast clouds
358,Oktyabrskoye,RU,43.0645,44.7417,32.14,93,100,6.71,snow
359,Ndago,TZ,-4.6,34.35,60.84,92,65,5.12,moderate rain
360,Carupano,VE,10.6678,-63.2585,80.44,62,5,13.62,clear sky
361,Vila Do Maio,CV,15.1333,-23.2167,72.39,73,66,20.31,broken clouds
362,Flinders,AU,-34.5833,150.8552,66.38,61,0,7.67,clear sky
363,Keti Bandar,PK,24.1447,67.4497,68.59,53,0,8.23,clear sky
364,Hamilton,US,39.1834,-84.5333,38.88,48,0,11.5,clear sky
365,Qaqortoq,GL,60.7167,-46.0333,3.72,92,26,4.09,scattered clouds
366,Cam Ranh,VN,11.9214,109.1591,76.96,83,75,9.22,broken clouds
367,Guarapari,BR,-20.6667,-40.4975,84.88,73,73,16.15,broken clouds
368,Labrea,BR,-7.2586,-64.7981,88.32,56,20,3.56,few clouds
369,Hurghada,EG,27.2574,33.8129,54.95,52,10,11.83,clear sky
370,Honiara,SB,-9.4333,159.95,77.05,89,99,2.91,overcast clouds
371,Sept-Iles,CA,50.2001,-66.3821,18.05,73,100,8.05,overcast clouds
372,Gigmoto,PH,13.7796,124.39,77.97,87,52,13.76,broken clouds
373,Sitka,US,57.0531,-135.33,40.89,75,100,4.61,overcast clouds
374,Moissala,TD,8.3404,17.7663,84.56,14,4,5.91,clear sky
375,Wattegama,LK,6.7989,81.4808,72.52,97,100,4.29,light rain
376,Ndele,CF,8.4109,20.6473,81.36,15,9,4.36,clear sky
377,Winnemucca,US,40.973,-117.7357,36.09,53,0,3.67,clear sky
378,Road Town,VG,18.4167,-64.6167,82.44,69,40,12.66,scattered clouds
379,Candelaria,PH,13.9311,121.4233,76.39,93,63,7.43,light rain
380,Kamenka,RU,51.3223,42.7678,26.82,98,100,5.79,overcast clouds
381,Severomuysk,RU,56.1481,113.4267,-14.67,98,100,4.81,overcast clouds
382,Artigas,UY,-30.4,-56.4667,86.76,51,100,32.44,light rain
383,Opuwo,NA,-18.0607,13.84,78.1,34,100,5.77,overcast clouds
384,Kazachinskoye,RU,57.6953,93.2761,-9.08,100,94,2.17,overcast clouds
385,Havoysund,NO,70.9963,24.6622,26.83,74,100,4.76,light snow
386,Kargasok,RU,59.0556,80.8572,6.78,98,97,4.23,overcast clouds
387,Matoury,GF,4.8483,-52.3317,78.76,78,100,5.75,overcast clouds
388,El Alto,PE,-4.2714,-81.2147,85.66,69,43,13.98,scattered clouds
389,Kostyantynivka,UA,48.5277,37.7069,32.25,83,100,6.42,overcast clouds
390,Manaus,BR,-3.1019,-60.025,88.29,58,40,5.75,scattered clouds
391,Jaicos,BR,-7.3592,-41.1378,90.0,40,72,5.99,broken clouds
392,Carutapera,BR,-1.195,-46.02,73.15,98,100,3.78,overcast clouds
393,Malaya Purga,RU,56.5567,53.0043,3.78,100,100,3.49,overcast clouds
394,Baker City,US,44.7749,-117.8344,31.59,47,0,20.71,clear sky
395,Itiuba,BR,-10.6917,-39.8536,92.07,31,40,6.87,scattered clouds
396,Kalmunai,LK,7.4167,81.8167,76.35,91,100,6.06,overcast clouds
397,Bansgaon,IN,26.5586,83.3481,52.25,63,0,5.82,clear sky
398,San Patricio,US,28.017,-97.5169,44.46,81,100,11.61,overcast clouds
399,Businga,CD,3.3333,20.8833,82.06,46,85,1.36,overcast clouds
400,Chapais,CA,49.7834,-74.8492,10.18,91,100,7.56,light snow
401,Puerto Escondido,MX,15.85,-97.0667,85.03,70,20,10.36,few clouds
402,Port Hardy,CA,50.6996,-127.4199,44.78,76,100,24.16,overcast clouds
403,Wonthaggi,AU,-38.6044,145.5913,52.83,83,76,22.75,broken clouds
404,Atambua,ID,-9.1061,124.8925,73.81,92,100,2.84,light rain
405,Taoudenni,ML,22.6783,-3.9836,62.2,13,71,10.67,broken clouds
406,Wallacetown,NZ,-46.3333,168.2667,62.64,99,97,1.88,overcast clouds
407,Tema,GH,5.667,-0.0166,82.81,83,0,4.61,clear sky
408,Tra Vinh,VN,9.9347,106.3453,77.41,80,95,12.41,overcast clouds
409,Kremenchuk,UA,49.0973,33.4197,33.76,79,100,6.38,overcast clouds
410,Benton Harbor,US,42.1167,-86.4542,34.84,65,40,21.85,scattered clouds
411,San Luis,AR,-33.295,-66.3356,85.93,29,0,12.55,clear sky
412,Pacific Grove,US,36.6177,-121.9166,58.64,61,0,7.0,clear sky
413,Rogova,RO,44.4717,22.8067,38.52,76,72,12.28,broken clouds
414,Price,US,39.5994,-110.8107,27.66,54,0,4.61,clear sky
415,Mitsamiouli,KM,-11.3847,43.2844,80.85,80,100,2.1,moderate rain
416,Mustasaari,FI,63.1142,21.6822,26.89,86,100,10.36,overcast clouds
417,Daru,PG,-9.0763,143.2092,76.75,91,100,9.04,overcast clouds
418,Hinton,CA,53.4001,-117.5857,27.88,87,100,5.03,overcast clouds
419,San Andres,CO,12.5847,-81.7006,78.82,78,75,9.22,light intensity drizzle
420,Norfolk,US,42.1668,-71.2495,39.58,37,0,12.66,clear sky
421,Sisimiut,GL,66.9395,-53.6735,4.46,87,100,7.11,overcast clouds
422,Urengoy,RU,65.9667,78.3667,1.8,97,45,7.07,scattered clouds
423,Douentza,ML,14.9951,-2.9517,79.48,7,32,8.68,scattered clouds
424,Caldwell,US,43.6629,-116.6874,32.14,56,0,11.5,clear sky
425,Idritsa,RU,56.3316,28.8988,28.0,98,100,3.89,overcast clouds
426,Barda,AZ,40.3744,47.1267,44.98,68,100,15.68,overcast clouds
427,Kavaratti,IN,10.5669,72.642,79.75,79,46,6.53,scattered clouds
428,Udachnyy,RU,66.4167,112.4,-17.23,98,100,3.67,overcast clouds
429,Port Macquarie,AU,-31.4333,152.9167,66.88,92,11,9.08,few clouds
430,Ahipara,NZ,-35.1667,173.1667,70.43,97,98,6.31,overcast clouds
431,Catuday,PH,16.2923,119.8062,76.96,74,4,9.64,clear sky
432,San Cristobal,VE,7.7669,-72.225,77.18,27,6,6.93,clear sky
433,Lashio,MM,22.9333,97.75,61.75,60,90,0.6,overcast clouds
434,Salekhard,RU,66.53,66.6019,1.67,98,45,4.92,scattered clouds
435,Necochea,AR,-38.5473,-58.7368,75.29,60,39,14.2,scattered clouds
436,Hay River,CA,60.8156,-115.7999,-16.62,63,40,8.05,scattered clouds
437,Khandyga,RU,62.6667,135.6,-31.58,99,100,2.55,overcast clouds
438,Camacha,PT,33.0833,-16.3333,56.62,58,40,8.05,scattered clouds
439,Nanortalik,GL,60.1432,-45.2371,17.47,75,100,17.58,overcast clouds
440,Chicama,PE,-7.8447,-79.1469,72.14,53,33,11.68,scattered clouds
441,Warwick,US,41.7001,-71.4162,39.49,45,20,19.57,few clouds
442,Arona,ES,28.0996,-16.681,61.39,54,20,12.66,few clouds
443,Las Matas De Farfan,DO,18.8731,-71.5166,89.67,21,6,3.49,clear sky
444,Newburyport,US,42.8126,-70.8773,39.43,43,2,5.99,clear sky
445,Birjand,IR,32.8663,59.2211,43.27,100,75,6.91,broken clouds
446,Helena,US,46.5927,-112.0361,39.25,76,0,3.44,clear sky
447,Owosso,US,42.9978,-84.1766,34.52,67,0,17.27,clear sky
448,Verkhoyansk,RU,67.5447,133.385,-24.75,98,100,0.54,overcast clouds
449,Lengshuitan,CN,26.4111,111.5956,42.44,69,100,4.94,overcast clouds
450,Khandbari,NP,27.3747,87.2039,53.67,42,0,3.94,clear sky
451,Salalah,OM,17.0151,54.0924,69.39,72,6,3.4,clear sky
452,Atar,MR,20.5169,-13.0499,73.47,11,6,9.86,clear sky
453,Port Keats,AU,-14.25,129.55,81.01,80,100,4.45,overcast clouds
454,Guerrero Negro,MX,27.9769,-114.0611,64.67,37,49,2.06,scattered clouds
455,Nome,US,64.5011,-165.4064,15.87,92,100,5.75,mist
456,Maralal,KE,1.0968,36.698,62.69,42,12,7.02,few clouds
457,Kimbe,PG,-5.5502,150.1429,76.46,92,94,2.13,overcast clouds
458,Nelson Bay,AU,-32.7167,152.15,73.99,86,0,5.01,clear sky
459,Ilulissat,GL,69.2167,-51.1,6.82,56,75,1.14,broken clouds
460,Batelov,CZ,49.3143,15.3947,35.11,88,100,15.1,overcast clouds
461,Rabo De Peixe,PT,37.8,-25.5833,58.51,77,20,11.5,few clouds
462,Isangel,VU,-19.55,169.2667,80.26,85,12,6.46,few clouds
463,Tilichiki,RU,60.4667,166.1,-8.99,99,74,8.5,broken clouds
464,Almeirim,BR,-1.5233,-52.5817,83.89,63,54,6.58,broken clouds
465,La Cumbre,AR,-30.982,-64.4914,73.45,60,91,5.28,overcast clouds
466,Ossora,RU,59.2353,163.0719,-1.37,89,12,5.84,few clouds
467,Hefei,CN,31.8639,117.2808,35.62,69,0,2.24,clear sky
468,Muisne,EC,0.6,-80.0333,80.13,79,100,9.15,light rain
469,Rosarito,MX,32.3333,-117.0333,69.64,36,100,2.75,overcast clouds
470,Bilma,NE,18.6853,12.9164,69.93,16,12,7.78,few clouds
471,Otradnoye,RU,59.7775,30.8181,30.25,98,100,1.61,light snow
472,Santa Cruz,BO,-17.8,-63.1667,80.65,74,75,11.5,light rain
473,Moose Factory,CA,51.2585,-80.6094,-14.8,58,100,20.71,haze
474,Camana,PE,-16.6228,-72.7111,77.63,76,26,9.93,scattered clouds
475,Sungairaya,ID,0.7,108.9,76.46,89,100,1.74,overcast clouds
476,Murray Bridge,AU,-35.1167,139.2667,56.12,58,97,18.95,overcast clouds
477,Lucera,IT,41.5082,15.3351,46.06,87,0,6.91,clear sky
478,Minab,IR,27.1467,57.0801,67.91,84,4,3.98,clear sky
479,Santiago Del Estero,AR,-27.7951,-64.2615,86.11,43,95,2.08,overcast clouds
480,Morrope,PE,-6.5417,-80.0111,84.31,44,56,14.18,broken clouds
481,Nhulunbuy,AU,-12.2333,136.7667,81.21,83,100,8.05,light rain
482,Kayseri,TR,38.737,35.4968,23.02,86,40,2.3,scattered clouds
483,Sompeta,IN,18.9333,84.6,68.61,68,6,4.54,clear sky
484,Hasaki,JP,35.7333,140.8333,38.21,61,100,9.69,overcast clouds
485,Chernyshevskiy,RU,63.0128,112.4714,-6.81,98,100,3.87,overcast clouds
486,Raudeberg,NO,61.9875,5.1352,36.27,64,100,11.65,overcast clouds
487,Tofield,CA,53.3668,-112.6686,5.27,89,100,15.68,overcast clouds
488,Mount Gambier,AU,-37.8333,140.7667,50.43,81,100,18.43,light rain
489,Najran,SA,17.4924,44.1277,70.45,46,3,1.66,clear sky
490,Filadelfia,US,39.9523,-75.1638,42.44,39,75,11.5,broken clouds
491,Hualmay,PE,-11.0964,-77.6139,77.07,71,100,10.89,overcast clouds
492,Kungurtug,RU,50.5994,97.5228,-11.69,99,49,2.01,scattered clouds
493,Biak,ID,-0.9131,122.8766,76.19,78,100,4.32,overcast clouds
494,Kinwat,IN,19.6333,78.2,66.51,20,84,1.83,broken clouds
495,Narsaq,GL,60.9167,-46.05,16.02,96,73,4.99,broken clouds
496,Nouadhibou,MR,20.931,-17.0347,66.18,63,55,12.66,dust
497,Hemet,US,33.7475,-116.972,65.39,30,100,3.0,overcast clouds
498,Wagar,SD,16.1525,36.2032,72.61,51,0,17.72,clear sky
499,Rio Branco,BR,-9.9747,-67.81,84.81,74,75,5.75,broken clouds
500,Saint-Leu,RE,-21.15,55.2833,79.66,81,66,3.36,light rain
501,Stranraer,GB,54.9023,-5.0273,49.17,79,100,22.91,overcast clouds
502,Bagn,NO,60.8225,9.5521,8.98,93,100,2.73,overcast clouds
503,Augusto Correa,BR,-1.0217,-46.635,73.29,98,100,4.03,overcast clouds
504,Bubaque,GW,11.2833,-15.8333,77.14,69,46,14.83,scattered clouds
505,Pathein,MM,16.7833,94.7333,70.14,81,15,6.06,few clouds
506,Zhigansk,RU,66.7697,123.3711,-28.07,96,100,8.77,overcast clouds
507,Poum,NC,-20.2333,164.0167,81.64,71,100,18.61,overcast clouds
508,Presidente Dutra,BR,-5.29,-44.49,80.17,86,99,0.89,overcast clouds
509,Perote,MX,19.5667,-97.2333,63.73,45,19,4.07,few clouds
510,Nicoya,CR,10.1483,-85.452,91.63,34,95,13.44,overcast clouds
511,Marawi,PH,7.9986,124.2928,65.89,95,100,0.85,overcast clouds
512,Zhangjiakou,CN,40.81,114.8794,18.45,24,92,2.15,overcast clouds
513,Urumqi,CN,43.801,87.6005,2.35,92,80,2.24,mist
514,Turukhansk,RU,65.8167,87.9833,6.33,96,99,8.14,light snow
515,Okato,NZ,-39.2,173.8833,71.19,69,100,11.01,moderate rain
516,Zabid,YE,14.1951,43.3152,78.66,56,2,4.79,clear sky
517,Hingatungan,PH,10.584,125.1852,78.4,86,60,12.62,broken clouds
518,Balkanabat,TM,39.5108,54.3671,47.91,66,22,11.41,few clouds
519,Spencer,US,43.1414,-95.1444,9.72,58,0,25.32,clear sky
520,Aykhal,RU,66.0,111.5,-22.04,100,100,4.23,overcast clouds
521,Roebourne,AU,-20.7833,117.1333,85.55,69,81,8.1,broken clouds
522,Neuquen,AR,-38.9516,-68.0591,91.29,18,0,8.05,clear sky
523,Miraflores,MX,19.2167,-98.8083,74.16,21,0,3.62,clear sky
524,Virginia Beach,US,36.8529,-75.978,42.03,76,75,1.01,broken clouds
525,Chala,TZ,-7.5833,31.2667,57.9,94,100,1.99,light rain
526,Priargunsk,RU,50.3691,119.1012,-24.16,100,96,1.54,overcast clouds
527,Teeli,RU,51.0333,90.2333,-10.97,84,12,2.06,few clouds
528,Bayshore Gardens,US,27.4253,-82.5904,84.27,72,8,9.64,clear sky
529,Tulagi,SB,-9.0996,160.1476,81.03,76,97,1.7,overcast clouds
530,Evanston,US,42.0411,-87.6901,35.71,56,0,13.8,clear sky
531,Gopalpur,IN,19.2667,84.9167,67.68,73,6,5.86,clear sky
532,Misratah,LY,32.3754,15.0925,58.26,58,44,5.17,scattered clouds
533,Beira,MZ,-19.8436,34.8389,82.49,74,0,10.36,clear sky
534,Marzuq,YE,14.4,46.4667,65.59,61,0,5.3,clear sky
535,Uyemskiy,RU,64.4743,40.8524,28.45,93,100,4.47,overcast clouds
536,Broken Hill,AU,-31.95,141.4333,56.14,52,0,17.43,clear sky
537,Kostomuksha,RU,64.571,30.5767,6.57,99,95,2.73,overcast clouds
538,Kudahuvadhoo,MV,2.6708,72.8944,80.28,67,12,11.5,few clouds
539,Freeport,US,40.6576,-73.5832,41.38,41,0,14.97,clear sky
540,Saint-Joseph,RE,-21.3667,55.6167,79.18,85,66,14.56,light rain
541,Saint Anthony,US,45.0205,-93.218,11.8,45,0,16.11,clear sky
542,Fort-Shevchenko,KZ,44.5086,50.263,40.75,84,100,5.41,overcast clouds
543,Baykit,RU,61.67,96.37,-6.12,100,95,2.91,overcast clouds
544,Maloh,PH,9.056,122.9851,78.21,80,100,12.19,overcast clouds
545,Saint-Georges,GD,12.0564,-61.7485,82.08,69,75,23.02,broken clouds
546,Romitan,UZ,39.9343,64.3814,46.35,81,75,2.3,broken clouds
547,Richards Bay,ZA,-28.783,32.0377,74.44,90,100,3.56,overcast clouds
548,Pacifica,US,37.6138,-122.4869,56.07,63,100,8.01,haze
549,Mardin,TR,37.3131,40.7436,31.87,80,69,3.76,broken clouds
550,Sorland,NO,67.667,12.6934,31.86,90,94,14.38,light snow
551,Roma,US,43.2128,-75.4557,34.83,43,100,6.91,overcast clouds
552,Aberdeen,GB,57.1437,-2.0981,52.66,78,40,9.22,scattered clouds
553,La Ronge,CA,55.1001,-105.2842,-14.55,40,40,6.91,scattered clouds
554,Gualaquiza,EC,-3.4,-78.55,74.17,73,83,3.58,light rain
555,Torquay,GB,50.4638,-3.5143,49.86,94,100,8.99,overcast clouds
556,Zhigalovo,RU,54.8097,105.1578,-1.25,100,100,1.48,overcast clouds
557,Tautira,PF,-17.7333,-149.15,80.56,82,14,20.04,light rain
558,Pushkino,RU,56.0172,37.8667,30.49,96,99,8.72,light snow
559,Arroyo,ES,41.6096,-4.7969,45.14,66,0,6.91,clear sky
560,Nortelandia,BR,-14.4547,-56.8028,87.04,63,50,4.27,scattered clouds
561,Reconquista,AR,-29.15,-59.65,96.1,27,100,16.73,light rain
562,Selkirk,CA,50.1436,-96.8845,-10.89,58,100,11.34,overcast clouds
563,Rindal,NO,63.0565,9.2124,16.95,85,17,7.0,few clouds
564,Inongo,CD,-1.95,18.2667,74.79,79,98,4.65,overcast clouds
565,Ostrovnoy,RU,68.0531,39.5131,20.53,89,100,5.93,light snow
566,Baturaja,ID,-4.1333,104.1667,74.03,97,100,1.95,light rain
567,Ongandjera,NA,-17.8833,15.0667,81.14,34,90,6.24,overcast clouds
568,Dzerzhinsk,RU,56.2389,43.4631,28.22,86,100,6.71,overcast clouds
569,Jizan,SA,17.3333,42.6667,79.74,71,0,10.31,clear sky
570,Kalengwa,ZM,-13.4659,25.0027,64.94,94,100,3.0,overcast clouds
571,Damietta,EG,31.4165,31.8133,56.79,65,45,8.03,light rain
572,Yenagoa,NG,4.9247,6.2642,82.11,72,12,8.23,few clouds
573,Kangaatsiaq,GL,68.3065,-53.4641,0.21,95,100,3.76,overcast clouds
574,Cap Malheureux,MU,-19.9842,57.6142,79.47,82,0,1.01,light rain
575,Sangar,RU,63.9242,127.4739,-26.12,91,100,9.95,overcast clouds
576,Katsina,NG,12.9894,7.6006,77.65,17,100,9.62,overcast clouds
577,Caconda,AO,-13.7333,15.0667,63.81,70,100,6.33,overcast clouds
578,Harper,LR,4.375,-7.7169,80.76,81,5,8.39,clear sky
579,Oussouye,SN,12.485,-16.5469,84.38,42,81,13.18,broken clouds
580,Egvekinot,RU,66.3167,-179.1667,-4.77,90,62,13.8,broken clouds
581,San Carlos De Bariloche,AR,-41.1456,-71.3082,81.25,19,20,13.8,few clouds
582,Prescott,US,34.54,-112.4685,51.35,30,0,3.44,clear sky
583,Ushtobe,KZ,45.2514,77.9838,21.65,94,100,3.65,overcast clouds
584,Cape Canaveral,US,28.4058,-80.6048,86.02,59,20,12.66,few clouds
585,Anito,PH,12.4497,125.2886,77.31,89,29,12.57,scattered clouds
586,The Pas,CA,53.8251,-101.2541,-16.58,58,0,10.36,clear sky
587,Havre-Saint-Pierre,CA,50.2334,-63.5986,17.6,73,100,5.75,light snow
588,Kandrian,PG,-6.2167,149.55,78.64,86,100,10.78,overcast clouds
589,Aleksandrov Gay,RU,50.147,48.5704,29.62,98,100,6.64,overcast clouds
590,Ambositra,MG,-20.5167,47.25,61.95,98,100,6.55,light rain
591,Tateyama,JP,34.9833,139.8667,41.09,49,100,15.23,overcast clouds
592,Chimore,BO,-16.9833,-65.1333,91.02,50,51,3.18,broken clouds
593,Port Hedland,AU,-20.3167,118.5667,84.24,70,94,8.59,overcast clouds
594,Lundazi,ZM,-12.2929,33.1782,67.14,92,69,2.17,broken clouds
595,Shakiso,ET,5.75,38.9167,66.65,31,100,4.16,overcast clouds
596,Bratsk,RU,56.1325,101.6142,7.29,98,99,3.6,overcast clouds
597,Cartagena,CO,10.3997,-75.5144,87.42,58,20,19.57,few clouds
598,Wamba,NG,8.9333,8.6,82.47,17,0,2.62,clear sky
599,Rumonge,BI,-3.9736,29.4386,72.41,80,100,3.85,overcast clouds
600,Gamba,GA,-2.65,10.0,79.92,85,79,6.22,light rain
601,Scottsbluff,US,41.8666,-103.6672,34.03,59,0,3.44,clear sky
602,Eyemouth,GB,55.8713,-2.0901,51.24,74,100,26.24,overcast clouds
603,Coihaique,CL,-45.5752,-72.0662,72.21,49,40,9.22,scattered clouds
604,Mayumba,GA,-3.432,10.6554,80.37,86,60,9.06,broken clouds
605,Agadez,NE,19.75,10.25,64.8,17,100,6.26,overcast clouds
606,Mangan,IN,27.5167,88.5333,57.43,30,0,6.42,clear sky
607,Dingle,PH,10.9995,122.6711,72.84,96,55,7.74,broken clouds
608,San Buenaventura,MX,27.0833,-101.5333,59.47,51,0,0.0,clear sky
609,Debre Birhan,ET,9.6833,39.5333,50.11,52,99,6.02,overcast clouds
610,Pangai,TO,-19.8,-174.35,80.71,83,100,13.8,light intensity shower rain
611,Champerico,GT,14.3,-91.9167,95.54,57,6,10.8,clear sky
612,Sijunjung,ID,-0.6876,100.9537,70.0,91,100,2.13,light rain
613,High Rock,BS,26.6208,-78.2833,78.82,71,0,9.62,clear sky
614,Lazaro Cardenas,MX,17.9583,-102.2,86.56,34,1,9.51,clear sky
615,Batagay-Alyta,RU,67.8006,130.4114,-27.13,100,99,1.5,overcast clouds
616,Great Bend,US,38.3645,-98.7648,48.85,39,0,12.66,clear sky
617,Pimentel,PE,-6.8367,-79.9342,84.49,51,40,13.8,scattered clouds
618,Sherlovaya Gora,RU,50.5667,116.25,-15.16,99,90,1.79,overcast clouds
619,Pochutla,MX,15.7432,-96.4661,87.82,41,6,9.62,clear sky
620,Asau,RO,46.4333,26.4,31.12,92,29,6.24,scattered clouds
621,Bo Phloi,TH,14.3236,99.5161,77.31,52,99,3.18,overcast clouds
622,Anzio,IT,41.4853,12.6179,51.98,75,0,8.43,clear sky
623,Bayji,IQ,34.9311,43.487,49.48,50,1,8.28,clear sky
624,Omaruru,NA,-21.4333,15.9333,77.52,34,100,3.0,overcast clouds
625,Hobyo,SO,5.3505,48.5268,76.37,73,95,17.87,overcast clouds
626,Colares,PT,38.7992,-9.4469,53.89,63,0,5.99,clear sky
627,Karangampel,ID,-6.4622,108.4519,77.31,86,100,9.62,moderate rain
628,Satipo,PE,-11.2522,-74.6386,87.26,49,66,3.76,broken clouds
629,Kaili,ID,-3.4626,120.2147,66.42,97,100,1.68,overcast clouds
630,Kaohsiung,TW,22.6163,120.3133,64.35,77,75,5.75,broken clouds
631,Maceio,BR,-9.6658,-35.7353,85.44,70,75,12.66,broken clouds
632,Kedrovyy,RU,56.1667,91.8167,-8.14,97,34,3.24,scattered clouds
633,Tahta,EG,26.7693,31.5021,54.61,39,0,7.38,clear sky
634,Ikalamavony,MG,-21.15,46.5833,68.22,87,50,8.34,scattered clouds
635,Penzance,GB,50.1186,-5.5371,48.88,85,91,16.26,overcast clouds
636,Kaura Namoda,NG,12.5898,6.5779,81.43,16,100,10.09,overcast clouds
637,Kirovskiy,RU,45.0917,133.5136,-12.5,100,53,4.16,broken clouds
638,Somerset,US,40.5668,-74.5496,42.39,38,0,5.99,clear sky
639,Bay Roberts,CA,47.5999,-53.2648,20.34,66,13,5.99,few clouds
640,Gravdal,NO,68.1214,13.5031,31.89,80,40,8.05,light snow
641,Krasnoselkup,RU,65.7,82.4667,0.5,99,52,8.52,broken clouds
642,Curumani,CO,9.1999,-73.5427,95.31,30,2,6.38,clear sky
643,Friendly,US,38.7518,-76.9786,41.99,49,75,10.36,broken clouds
644,Mariani,IN,26.6667,94.3333,61.63,61,0,2.35,clear sky
645,Hami,CN,42.8,93.45,23.9,60,45,5.82,scattered clouds
646,Nemuro,JP,43.3236,145.575,15.12,75,28,15.9,scattered clouds
647,De-Kastri,RU,51.4667,140.7833,-12.28,99,77,5.82,broken clouds
648,Artyshta,RU,54.1222,86.2909,-2.02,99,59,1.34,broken clouds
649,Luanda,AO,-8.8368,13.2343,80.6,78,40,12.66,scattered clouds
650,Lunino,RU,53.5918,45.2271,24.91,96,100,9.06,light snow
651,Bafoulabe,ML,13.8065,-10.8321,88.14,12,83,5.35,broken clouds
652,Goderich,CA,43.7501,-81.7165,32.92,64,100,18.41,overcast clouds
653,Tawang,IN,27.5833,91.8667,33.35,53,0,6.87,clear sky
654,Yeniseysk,RU,58.4497,92.1703,-7.91,100,99,2.24,overcast clouds
655,Tamsalu,EE,59.1586,26.1153,25.07,85,100,8.81,overcast clouds
656,Jau,BR,-22.2964,-48.5578,78.93,87,94,3.89,moderate rain
657,Sochi,RU,43.6,39.7303,37.49,69,100,6.62,overcast clouds
658,Bagdarin,RU,54.4333,113.6,-12.15,95,92,3.53,overcast clouds
659,Bacolod,PH,10.6667,122.95,76.14,85,69,11.07,broken clouds
660,Zlitan,LY,32.4674,14.5687,57.36,59,24,5.88,few clouds
661,Flin Flon,CA,54.7682,-101.865,-16.76,52,0,8.05,clear sky
662,Sola,VU,-13.8833,167.55,82.24,71,17,8.34,few clouds
663,Nyurba,RU,63.2842,118.3319,-26.34,99,100,2.93,overcast clouds
664,Maldonado,UY,-34.6667,-54.9167,69.22,91,100,10.02,light rain
665,Karlstad,SE,59.3793,13.5036,16.36,100,98,3.44,overcast clouds
666,Pierre,US,44.3683,-100.351,9.86,61,100,10.36,overcast clouds
667,Labuan,MY,5.2767,115.2417,79.16,94,20,0.0,few clouds
668,Yerbogachen,RU,61.2767,108.0108,5.38,95,100,9.46,light snow
669,Prince Rupert,CA,54.3161,-130.3201,42.49,86,100,46.04,light rain
670,Kerouane,GN,9.2667,-9.0167,81.82,14,2,2.15,clear sky
671,Pringsewu,ID,-5.3582,104.9744,73.69,97,100,1.7,overcast clouds
672,Terny,UA,50.9833,33.9833,31.33,96,100,7.7,overcast clouds
673,Inhambane,MZ,-23.865,35.3833,78.78,69,20,6.91,few clouds
674,Keetmanshoop,NA,-26.5833,18.1333,85.77,18,12,15.21,few clouds
675,Kizema,RU,61.113,44.8302,23.22,97,100,4.65,light snow
676,Faya,SA,18.3851,42.4509,55.51,70,0,3.18,clear sky
677,Along,IN,28.1667,94.7667,53.47,64,0,2.17,clear sky
678,Hereford,GB,52.0568,-2.7148,51.69,79,53,13.94,broken clouds
679,Bam,IR,29.106,58.357,57.33,63,29,4.03,scattered clouds
680,Coquimbo,CL,-29.9533,-71.3436,67.73,72,40,13.8,scattered clouds
681,Kyakhta,RU,50.3508,106.4494,-15.38,99,60,3.65,broken clouds
682,Rizhao,CN,35.4275,119.4553,29.77,57,44,3.04,scattered clouds
683,Presidencia Roque Saenz Pena,AR,-26.7852,-60.4388,92.7,32,100,15.82,moderate rain
684,Minas,UY,-34.3759,-55.2377,71.6,70,100,6.53,light rain
685,Peniche,PT,39.3558,-9.3811,53.46,80,0,6.11,clear sky
686,Vysokogornyy,RU,50.1167,139.15,-17.86,100,99,2.71,overcast clouds
687,Prattville,US,32.464,-86.4597,53.11,93,100,9.22,haze
